Snapshot_Date,SKU,Current_Stock,On_Order,Lead_Time_Days,Safety_Stock,Reorder_Point,Inventory_Value,Avg_Daily_Demand,CV,Lead_Time_Demand,Stock_Cover_Days,Risk,Demand_Gap,Product_Name,Category,Selling_Price,Cost_Price,Gross_Margin_Per_Unit,Sales_at_Risk,Locked_Capital
2025-12-01,SKU001,771,147,4,159,289,2815160.01,14.366621067031463,0.33057852146386796,57.46648426812585,53.66606360693201,Markdown/Clear,0.0,Product 001,Furniture,3664.05,1758.45,1905.6,0.0,1355764.95
2025-12-01,SKU002,526,29,3,94,149,2974319.6,10.13953488372093,0.3656390330120288,30.41860465116279,51.87614678899082,Markdown/Clear,0.0,Product 002,Home Decor,3805.69,3867.09,-61.4,0.0,2034089.34
2025-12-01,SKU003,349,12,3,88,123,2145941.67,5.764705882352941,0.47914908869291967,17.294117647058822,60.54081632653061,Markdown/Clear,0.0,Product 003,Kitchen,8078.23,589.48,7488.75,0.0,205728.52000000002
2025-12-01,SKU004,259,254,6,98,196,321905.92,4.623803009575924,0.5112639307550362,27.742818057455544,56.014497041420114,Watch Volatile,0.0,Product 004,Lighting,6861.57,1445.74,5415.83,0.0,374446.66
2025-12-01,SKU005,471,291,6,129,245,3500674.53,16.683994528043776,0.28804964981501,100.10396716826266,28.230649393243684,Healthy,0.0,Product 005,Storage,9493.22,5543.63,3949.59,0.0,2611049.73
2025-12-01,SKU006,359,485,13,129,340,2378877.6,6.54719562243502,0.42907852527543505,85.11354309165526,54.83263685750104,Watch Volatile,0.0,Product 006,Furniture,8106.04,6021.91,2084.13,0.0,2161865.69
2025-12-01,SKU007,207,460,8,98,237,941442.21,24.800273597811216,0.2633077040272573,198.40218878248973,8.346682111534006,Healthy,0.0,Product 007,Home Decor,5114.09,7748.2,-2634.11,0.0,1603877.4
2025-12-01,SKU008,325,155,3,91,161,2165845.5,16.339261285909714,0.3012275749480299,49.01778385772914,19.890740120562622,Markdown/Clear,0.0,Product 008,Kitchen,9842.64,2775.15,7067.49,0.0,901923.75
2025-12-01,SKU009,75,89,7,63,131,224818.5,10.711354309165527,0.3552496393771506,74.97948016415869,7.00191570881226,Healthy,0.0,Product 009,Lighting,2336.89,3121.06,-784.17,0.0,234079.5
2025-12-01,SKU010,83,70,13,22,60,595250.27,17.046511627906977,0.3079333969482307,221.6046511627907,4.869031377899045,Reorder Now,138.6046511627907,Product 010,Storage,663.46,3889.06,-3225.6,91958.64186046513,322791.98
2025-12-01,SKU011,753,269,3,179,247,2911918.77,2.6689466484268127,0.6507227684322017,8.006839945280438,282.13377754997435,Markdown/Clear,0.0,Product 011,Furniture,1444.56,1718.4,-273.84,0.0,1293955.2
2025-12-01,SKU012,47,60,12,16,58,67949.78,26.08344733242134,0.2683540896855877,313.00136798905606,1.8019090575339594,Reorder Now,266.00136798905606,Product 012,Home Decor,8779.37,1256.89,7522.48,2335324.4300820795,59073.83
2025-12-01,SKU013,151,95,4,32,61,1169978.2,14.075239398084815,0.32131072197864274,56.30095759233926,10.728059092234426,Markdown/Clear,0.0,Product 013,Kitchen,5757.78,3936.71,1821.07,0.0,594443.21
2025-12-01,SKU014,309,334,10,130,299,964407.54,21.59233926128591,0.2764692019891995,215.92339261285912,14.310631018753167,Healthy,0.0,Product 014,Lighting,2270.75,2008.55,262.2,0.0,620641.95
2025-12-01,SKU015,187,245,9,119,265,235038.43,4.095759233926128,0.5362353868352657,36.86183310533516,45.656980627922515,Watch Volatile,0.0,Product 015,Storage,6212.12,5441.06,771.06,0.0,1017478.2200000001
2025-12-01,SKU016,255,187,11,30,129,512180.25,13.875512995896033,0.3178099533986654,152.63064295485637,18.377698905649215,Healthy,0.0,Product 016,Furniture,2166.82,3637.93,-1471.11,0.0,927672.1499999999
2025-12-01,SKU017,95,26,12,108,274,636809.7,14.191518467852257,0.31531280709721776,170.2982216142271,6.694139194139194,Reorder Now,75.29822161422709,Product 017,Home Decor,8477.32,6703.26,1774.06,638327.1200547195,636809.7000000001
2025-12-01,SKU018,235,102,8,66,184,627647.4,25.23939808481532,0.25881909069676606,201.91518467852256,9.310840108401084,Healthy,0.0,Product 018,Kitchen,5575.41,5677.05,-101.64,0.0,1334106.75
2025-12-01,SKU019,227,114,14,25,126,738421.92,16.146374829001367,0.3148943621823053,226.04924760601915,14.058883334745405,Healthy,0.0,Product 019,Lighting,4819.85,2670.84,2149.01,0.0,606280.68
2025-12-01,SKU020,1002,353,3,129,227,5550418.68,13.868673050615595,0.3065130595692404,41.60601915184678,72.24916157032946,Markdown/Clear,0.0,Product 020,Storage,3897.54,6700.01,-2802.47,0.0,6713410.0200000005
2025-12-01,SKU021,88,97,9,36,88,27021.28,8.533515731874145,0.3688906888526575,76.8016415868673,10.312279576787432,Healthy,0.0,Product 021,Furniture,7711.28,6486.92,1224.36,0.0,570848.96
2025-12-01,SKU022,95,194,8,76,163,513246.05,10.151846785225718,0.3721248857190412,81.21477428180575,9.357903247540763,Healthy,0.0,Product 022,Home Decor,4597.03,3252.96,1344.07,0.0,309031.2
2025-12-01,SKU023,130,79,12,41,148,494858.0,14.815321477428181,0.3109239368512468,177.78385772913816,8.774699907663896,Reorder Now,47.78385772913816,Product 023,Kitchen,1416.74,2484.54,-1067.8,67697.3025991792,322990.2
2025-12-01,SKU024,341,18,14,60,259,454699.63,13.071135430916552,0.3470511475057778,182.99589603283172,26.088016745159603,Healthy,0.0,Product 024,Lighting,1768.87,5539.34,-3770.47,0.0,1888914.94
2025-12-01,SKU025,1124,61,14,121,582,4384724.0,2.7031463748290014,0.6275363760555825,37.84404924760602,415.81174089068827,Watch Volatile,0.0,Product 025,Storage,11558.01,1333.08,10224.93,0.0,1498381.92
2025-12-01,SKU026,160,70,5,31,59,988598.4,22.61969904240766,0.28439967550930584,113.0984952120383,7.07348049591775,Markdown/Clear,0.0,Product 026,Furniture,10939.54,1799.29,9140.25,0.0,287886.4
2025-12-01,SKU027,567,103,3,83,133,2599048.62,24.236662106703147,0.26083398628885207,72.70998632010944,23.394310549190042,Markdown/Clear,0.0,Product 027,Home Decor,8516.6,307.06,8209.54,0.0,174103.02
2025-12-01,SKU028,174,55,11,114,337,85058.16,5.610123119015048,0.4529556417426616,61.71135430916553,31.015362106803217,Watch Volatile,0.0,Product 028,Kitchen,3484.09,6348.66,-2864.57,0.0,1104666.84
2025-12-01,SKU029,261,520,5,196,329,891602.1,15.772913816689467,0.29590796900266964,78.86456908344734,16.547354726799654,Healthy,0.0,Product 029,Lighting,11642.45,5402.59,6239.86,0.0,1410075.99
2025-12-01,SKU030,166,32,9,43,104,342462.98,4.778385772913817,0.47710246651913496,43.00547195622435,34.73976524477526,Watch Volatile,0.0,Product 030,Storage,9433.51,5715.03,3718.48,0.0,948694.98
2025-12-01,SKU031,93,40,13,28,113,234857.55,18.77017783857729,0.2830345955479791,244.01231190150477,4.954668027111727,Reorder Now,151.01231190150477,Product 031,Furniture,8715.93,6300.65,2415.28,1316212.7396716825,585960.45
2025-12-01,SKU032,278,214,11,60,185,1269626.0,9.331053351573187,0.377420413799372,102.64158686730507,29.79299222987832,Healthy,0.0,Product 032,Home Decor,5612.59,3806.6,1805.99,0.0,1058234.8
2025-12-01,SKU033,208,168,12,55,183,707096.0,18.09028727770178,0.3104039837250203,217.08344733242137,11.497882637628553,Reorder Now,9.083447332421372,Product 033,Kitchen,3558.0,4657.74,-1099.74,32318.90560875524,968809.9199999999
2025-12-01,SKU034,34,103,5,34,58,52497.36,20.151846785225718,0.29793282127192144,100.75923392612859,1.687190279003462,Reorder Now,66.75923392612859,Product 034,Lighting,1518.14,1333.43,184.71,101349.86339261285,45336.62
2025-12-01,SKU035,670,76,8,137,304,3918347.6,21.288645690834475,0.2804647984547343,170.3091655266758,31.47217581287752,Markdown/Clear,0.0,Product 035,Storage,10870.19,1137.61,9732.58,0.0,762198.7
2025-12-01,SKU036,383,135,3,77,129,574446.38,4.79890560875513,0.48726039979085833,14.39671682626539,79.80986316989737,Markdown/Clear,0.0,Product 036,Furniture,5687.0,5430.12,256.88,0.0,2079735.96
2025-12-01,SKU037,355,687,8,315,644,2004500.4,24.835841313269494,0.259039485635857,198.68673050615595,14.29385844120077,Healthy,0.0,Product 037,Home Decor,2747.42,3901.0,-1153.58,0.0,1384855.0
2025-12-01,SKU038,159,310,12,56,175,509262.69,7.7168262653898765,0.4074362215488688,92.60191518467852,20.604325474206703,Watch Volatile,0.0,Product 038,Kitchen,3949.1,4630.58,-681.48,0.0,736262.22
2025-12-01,SKU039,93,35,3,17,31,284026.65,3.146374829001368,0.5814600430387015,9.439124487004104,29.557826086956524,Markdown/Clear,0.0,Product 039,Lighting,7118.95,6178.74,940.21,0.0,574622.82
2025-12-01,SKU040,67,29,9,36,93,78024.85,15.59233926128591,0.30253853326645935,140.3310533515732,4.296981926653799,Reorder Now,73.33105335157319,Product 040,Storage,2450.56,5169.07,-2718.51,179702.1461012312,346327.69
2025-12-01,SKU041,440,40,4,78,139,2496001.2,11.153214774281805,0.35408046692623346,44.61285909712722,39.450509015086475,Markdown/Clear,0.0,Product 041,Furniture,10336.73,4540.24,5796.49,0.0,1997705.5999999999
2025-12-01,SKU042,90,120,6,41,88,698500.8,22.730506155950753,0.2680880640951842,136.38303693570452,3.9594366875300913,Reorder Now,46.383036935704524,Product 042,Home Decor,9198.83,4583.86,4614.97,426669.67165526684,412547.39999999997
2025-12-01,SKU043,559,211,12,142,393,2086495.45,22.265389876880985,0.2772224465979669,267.1846785225718,25.106230031948883,Healthy,0.0,Product 043,Kitchen,8745.77,2605.61,6140.16,0.0,1456535.99
2025-12-01,SKU044,223,39,5,55,93,222337.69,9.774281805745554,0.36089964569817906,48.87140902872777,22.814975507347796,Markdown/Clear,0.0,Product 044,Lighting,5412.28,488.84,4923.44,0.0,109011.31999999999
2025-12-01,SKU045,307,142,4,88,142,558224.24,25.461012311901506,0.27635468019781606,101.84404924760602,12.057650977863743,Markdown/Clear,0.0,Product 045,Storage,7676.78,3634.56,4042.22,0.0,1115809.92
2025-12-01,SKU046,119,182,4,46,96,563935.05,9.248974008207934,0.3686933158476836,36.99589603283174,12.866291968643692,Healthy,0.0,Product 046,Furniture,7175.54,1913.03,5262.51,0.0,227650.57
2025-12-01,SKU047,201,129,9,44,99,1231834.53,14.853625170998631,0.30987448366565706,133.68262653898768,13.532050101307792,Markdown/Clear,0.0,Product 047,Home Decor,7938.22,3416.1,4522.12,0.0,686636.1
2025-12-01,SKU048,106,50,3,22,31,381464.32,8.44733242134063,0.40349244387649996,25.341997264021888,12.54834008097166,Markdown/Clear,0.0,Product 048,Kitchen,1379.55,6863.87,-5484.32,0.0,727570.22
2025-12-01,SKU049,780,599,5,206,344,4123321.8,25.13406292749658,0.2504012154232233,125.6703146374829,31.033581886463836,Markdown/Clear,0.0,Product 049,Lighting,5223.37,2063.03,3160.34,0.0,1609163.4000000001
2025-12-01,SKU050,328,525,14,69,316,1138983.28,6.20656634746922,0.4521826109794582,86.89192886456908,52.8472558959665,Watch Volatile,0.0,Product 050,Storage,882.72,701.85,180.87,0.0,230206.80000000002
